id,email,username,profile_image,bio
1,mmcgrowther0@xinhuanet.com,pschurcke0,http://dummyimage.com/113x176.png/cc0000/ffffff,Morbi non lectus.
2,mtoller1@ycombinator.com,hglassman1,http://dummyimage.com/172x115.png/dddddd/000000,"Curabitur in libero ut massa volutpat convallis. Morbi odio odio, elementum eu, interdum eu, tincidunt in, leo. Maecenas pulvinar lobortis est. Phasellus sit amet erat. Nulla tempus. Vivamus in felis eu sapien cursus vestibulum. Proin eu mi. Nulla ac enim. In tempor, turpis nec euismod scelerisque, quam turpis adipiscing lorem, vitae mattis nibh ligula nec sem. Duis aliquam convallis nunc."
3,lerskinesandys2@latimes.com,creolfi2,http://dummyimage.com/150x207.png/dddddd/000000,"Quisque ut erat. Curabitur gravida nisi at nibh. In hac habitasse platea dictumst. Aliquam augue quam, sollicitudin vitae, consectetuer eget, rutrum at, lorem. Integer tincidunt ante vel ipsum. Praesent blandit lacinia erat."
4,ebampkin3@mtv.com,ihandslip3,http://dummyimage.com/116x213.png/dddddd/000000,"Vivamus vestibulum sagittis sapien. Cum sociis natoque penatibus et magnis dis parturient montes, nascetur ridiculus mus. Etiam vel augue. Vestibulum rutrum rutrum neque. Aenean auctor gravida sem. Praesent id massa id nisl venenatis lacinia. Aenean sit amet justo. Morbi ut odio. Cras mi pede, malesuada in, imperdiet et, commodo vulputate, justo. In blandit ultrices enim."
5,cbisterfeld4@zdnet.com,tlaunder4,http://dummyimage.com/248x134.png/5fa2dd/ffffff,"Donec ut mauris eget massa tempor convallis. Nulla neque libero, convallis eget, eleifend luctus, ultricies eu, nibh. Quisque id justo sit amet sapien dignissim vestibulum. Vestibulum ante ipsum primis in faucibus orci luctus et ultrices posuere cubilia Curae; Nulla dapibus dolor vel est. Donec odio justo, sollicitudin ut, suscipit a, feugiat et, eros. Vestibulum ac est lacinia nisi venenatis tristique. Fusce congue, diam id ornare imperdiet, sapien urna pretium nisl, ut volutpat sapien arcu sed augue. Aliquam erat volutpat."
6,lscarsbrick5@webeden.co.uk,bkernes5,http://dummyimage.com/219x208.png/ff4444/ffffff,Pellentesque viverra pede ac diam. Cras pellentesque volutpat dui.
7,mkingsbury6@lycos.com,fgapp6,http://dummyimage.com/156x124.png/dddddd/000000,"Integer pede justo, lacinia eget, tincidunt eget, tempus vel, pede. Morbi porttitor lorem id ligula."
8,gbayldon7@ed.gov,jbosma7,http://dummyimage.com/136x133.png/5fa2dd/ffffff,"Integer aliquet, massa id lobortis convallis, tortor risus dapibus augue, vel accumsan tellus nisi eu orci. Mauris lacinia sapien quis libero. Nullam sit amet turpis elementum ligula vehicula consequat. Morbi a ipsum. Integer a nibh. In quis justo. Maecenas rhoncus aliquam lacus."
9,ecurrie8@state.gov,ibaldung8,http://dummyimage.com/209x178.png/cc0000/ffffff,In quis justo. Maecenas rhoncus aliquam lacus.
10,tmahmood9@sitemeter.com,slascell9,http://dummyimage.com/165x106.png/ff4444/ffffff,"Cum sociis natoque penatibus et magnis dis parturient montes, nascetur ridiculus mus. Etiam vel augue."
11,wguyonneta@ask.com,giskowa,http://dummyimage.com/238x146.png/cc0000/ffffff,"Cum sociis natoque penatibus et magnis dis parturient montes, nascetur ridiculus mus. Etiam vel augue. Vestibulum rutrum rutrum neque."
12,jluckenb@sciencedirect.com,nseamarkb,http://dummyimage.com/234x205.png/ff4444/ffffff,"Suspendisse accumsan tortor quis turpis. Sed ante. Vivamus tortor. Duis mattis egestas metus. Aenean fermentum. Donec ut mauris eget massa tempor convallis. Nulla neque libero, convallis eget, eleifend luctus, ultricies eu, nibh. Quisque id justo sit amet sapien dignissim vestibulum. Vestibulum ante ipsum primis in faucibus orci luctus et ultrices posuere cubilia Curae; Nulla dapibus dolor vel est."
13,pcorradinic@ed.gov,wdiprosec,http://dummyimage.com/212x119.png/dddddd/000000,Praesent lectus.
14,zcheccid@umich.edu,bpeadd,http://dummyimage.com/245x204.png/dddddd/000000,"Lorem ipsum dolor sit amet, consectetuer adipiscing elit. Proin risus. Praesent lectus. Vestibulum quam sapien, varius ut, blandit non, interdum in, ante. Vestibulum ante ipsum primis in faucibus orci luctus et ultrices posuere cubilia Curae; Duis faucibus accumsan odio. Curabitur convallis. Duis consequat dui nec nisi volutpat eleifend. Donec ut dolor. Morbi vel lectus in quam fringilla rhoncus."
15,nhousiauxe@t-online.de,whymere,http://dummyimage.com/183x203.png/cc0000/ffffff,"Curabitur gravida nisi at nibh. In hac habitasse platea dictumst. Aliquam augue quam, sollicitudin vitae, consectetuer eget, rutrum at, lorem. Integer tincidunt ante vel ipsum. Praesent blandit lacinia erat. Vestibulum sed magna at nunc commodo placerat. Praesent blandit. Nam nulla. Integer pede justo, lacinia eget, tincidunt eget, tempus vel, pede."
16,knelhamsf@w3.org,ecalytonf,http://dummyimage.com/155x221.png/ff4444/ffffff,"Proin at turpis a pede posuere nonummy. Integer non velit. Donec diam neque, vestibulum eget, vulputate ut, ultrices vel, augue."
17,guridgeg@economist.com,nbarbaryg,http://dummyimage.com/193x221.png/cc0000/ffffff,Etiam justo. Etiam pretium iaculis justo. In hac habitasse platea dictumst. Etiam faucibus cursus urna. Ut tellus. Nulla ut erat id mauris vulputate elementum. Nullam varius.
18,kbaracloughh@sciencedaily.com,gfarnanh,http://dummyimage.com/177x170.png/ff4444/ffffff,"Donec odio justo, sollicitudin ut, suscipit a, feugiat et, eros. Vestibulum ac est lacinia nisi venenatis tristique. Fusce congue, diam id ornare imperdiet, sapien urna pretium nisl, ut volutpat sapien arcu sed augue. Aliquam erat volutpat. In congue. Etiam justo. Etiam pretium iaculis justo. In hac habitasse platea dictumst. Etiam faucibus cursus urna. Ut tellus."
19,lfawssetti@cyberchimps.com,zmacdunlevyi,http://dummyimage.com/165x161.png/cc0000/ffffff,"Proin at turpis a pede posuere nonummy. Integer non velit. Donec diam neque, vestibulum eget, vulputate ut, ultrices vel, augue. Vestibulum ante ipsum primis in faucibus orci luctus et ultrices posuere cubilia Curae; Donec pharetra, magna vestibulum aliquet ultrices, erat tortor sollicitudin mi, sit amet lobortis sapien sapien non mi. Integer ac neque."
20,lmehargj@netlog.com,raxelbyj,http://dummyimage.com/233x210.png/ff4444/ffffff,Nulla justo.
21,gmccollk@wordpress.com,presunk,http://dummyimage.com/221x138.png/dddddd/000000,"Praesent lectus. Vestibulum quam sapien, varius ut, blandit non, interdum in, ante. Vestibulum ante ipsum primis in faucibus orci luctus et ultrices posuere cubilia Curae; Duis faucibus accumsan odio. Curabitur convallis."
22,jfoleyl@disqus.com,pstennersl,http://dummyimage.com/224x170.png/cc0000/ffffff,"Donec odio justo, sollicitudin ut, suscipit a, feugiat et, eros."
23,owilcoxm@cdbaby.com,irookesm,http://dummyimage.com/154x245.png/ff4444/ffffff,"Lorem ipsum dolor sit amet, consectetuer adipiscing elit. Proin risus."
24,fchetwyndn@mayoclinic.com,rpugsleyn,http://dummyimage.com/192x114.png/ff4444/ffffff,"Aenean fermentum. Donec ut mauris eget massa tempor convallis. Nulla neque libero, convallis eget, eleifend luctus, ultricies eu, nibh. Quisque id justo sit amet sapien dignissim vestibulum. Vestibulum ante ipsum primis in faucibus orci luctus et ultrices posuere cubilia Curae; Nulla dapibus dolor vel est."
25,rhaxbyo@nba.com,jhoodlesso,http://dummyimage.com/205x166.png/5fa2dd/ffffff,"Fusce congue, diam id ornare imperdiet, sapien urna pretium nisl, ut volutpat sapien arcu sed augue. Aliquam erat volutpat. In congue. Etiam justo. Etiam pretium iaculis justo. In hac habitasse platea dictumst. Etiam faucibus cursus urna. Ut tellus. Nulla ut erat id mauris vulputate elementum."
26,lrobshawp@adobe.com,hmattissonp,http://dummyimage.com/190x200.png/ff4444/ffffff,Integer tincidunt ante vel ipsum. Praesent blandit lacinia erat. Vestibulum sed magna at nunc commodo placerat.
27,egalpenq@arizona.edu,mkiltieq,http://dummyimage.com/114x246.png/dddddd/000000,"Aenean auctor gravida sem. Praesent id massa id nisl venenatis lacinia. Aenean sit amet justo. Morbi ut odio. Cras mi pede, malesuada in, imperdiet et, commodo vulputate, justo. In blandit ultrices enim. Lorem ipsum dolor sit amet, consectetuer adipiscing elit. Proin interdum mauris non ligula pellentesque ultrices. Phasellus id sapien in sapien iaculis congue. Vivamus metus arcu, adipiscing molestie, hendrerit at, vulputate vitae, nisl."
28,cgarrishr@php.net,bmacgahyr,http://dummyimage.com/186x177.png/cc0000/ffffff,"Donec quis orci eget orci vehicula condimentum. Curabitur in libero ut massa volutpat convallis. Morbi odio odio, elementum eu, interdum eu, tincidunt in, leo. Maecenas pulvinar lobortis est. Phasellus sit amet erat. Nulla tempus. Vivamus in felis eu sapien cursus vestibulum."
29,jbathowes@bloglines.com,enollers,http://dummyimage.com/219x227.png/cc0000/ffffff,"Vivamus vestibulum sagittis sapien. Cum sociis natoque penatibus et magnis dis parturient montes, nascetur ridiculus mus."
30,mclendeningt@dagondesign.com,ccowhigt,http://dummyimage.com/231x113.png/5fa2dd/ffffff,Ut tellus.
31,mloberu@yahoo.com,vranshawu,http://dummyimage.com/104x244.png/cc0000/ffffff,Nulla facilisi.
32,lvanbrugv@epa.gov,ashurmanv,http://dummyimage.com/161x109.png/cc0000/ffffff,Mauris sit amet eros. Suspendisse accumsan tortor quis turpis. Sed ante. Vivamus tortor. Duis mattis egestas metus.
33,dtokellw@bloglovin.com,mfossordw,http://dummyimage.com/139x146.png/dddddd/000000,"Fusce consequat. Nulla nisl. Nunc nisl. Duis bibendum, felis sed interdum venenatis, turpis enim blandit mi, in porttitor pede justo eu massa. Donec dapibus. Duis at velit eu est congue elementum. In hac habitasse platea dictumst. Morbi vestibulum, velit id pretium iaculis, diam erat fermentum justo, nec condimentum neque sapien placerat ante. Nulla justo. Aliquam quis turpis eget elit sodales scelerisque."
34,paylesburyx@cargocollective.com,tcax,http://dummyimage.com/144x205.png/dddddd/000000,"Pellentesque viverra pede ac diam. Cras pellentesque volutpat dui. Maecenas tristique, est et tempus semper, est quam pharetra magna, ac consequat metus sapien ut nunc. Vestibulum ante ipsum primis in faucibus orci luctus et ultrices posuere cubilia Curae; Mauris viverra diam vitae quam. Suspendisse potenti. Nullam porttitor lacus at turpis."
35,rwhostony@clickbank.net,mkellawayy,http://dummyimage.com/100x217.png/ff4444/ffffff,Duis mattis egestas metus. Aenean fermentum.
36,amacknightz@google.co.uk,bkittlesz,http://dummyimage.com/137x186.png/5fa2dd/ffffff,"Vestibulum ac est lacinia nisi venenatis tristique. Fusce congue, diam id ornare imperdiet, sapien urna pretium nisl, ut volutpat sapien arcu sed augue. Aliquam erat volutpat. In congue. Etiam justo. Etiam pretium iaculis justo. In hac habitasse platea dictumst."
37,mdroogan10@guardian.co.uk,mwoolen10,http://dummyimage.com/214x246.png/5fa2dd/ffffff,"Suspendisse potenti. Nullam porttitor lacus at turpis. Donec posuere metus vitae ipsum. Aliquam non mauris. Morbi non lectus. Aliquam sit amet diam in magna bibendum imperdiet. Nullam orci pede, venenatis non, sodales sed, tincidunt eu, felis. Fusce posuere felis sed lacus. Morbi sem mauris, laoreet ut, rhoncus aliquet, pulvinar sed, nisl. Nunc rhoncus dui vel sem."
38,cbutton11@dailymail.co.uk,mdugan11,http://dummyimage.com/188x196.png/cc0000/ffffff,"Nulla ac enim. In tempor, turpis nec euismod scelerisque, quam turpis adipiscing lorem, vitae mattis nibh ligula nec sem. Duis aliquam convallis nunc."
39,vapark12@alibaba.com,dtorricella12,http://dummyimage.com/214x177.png/dddddd/000000,"Nunc rhoncus dui vel sem. Sed sagittis. Nam congue, risus semper porta volutpat, quam pede lobortis ligula, sit amet eleifend pede libero quis orci. Nullam molestie nibh in lectus. Pellentesque at nulla. Suspendisse potenti. Cras in purus eu magna vulputate luctus. Cum sociis natoque penatibus et magnis dis parturient montes, nascetur ridiculus mus. Vivamus vestibulum sagittis sapien. Cum sociis natoque penatibus et magnis dis parturient montes, nascetur ridiculus mus."
40,salliott13@flavors.me,dpossel13,http://dummyimage.com/218x140.png/ff4444/ffffff,"Duis consequat dui nec nisi volutpat eleifend. Donec ut dolor. Morbi vel lectus in quam fringilla rhoncus. Mauris enim leo, rhoncus sed, vestibulum sit amet, cursus id, turpis. Integer aliquet, massa id lobortis convallis, tortor risus dapibus augue, vel accumsan tellus nisi eu orci. Mauris lacinia sapien quis libero. Nullam sit amet turpis elementum ligula vehicula consequat. Morbi a ipsum. Integer a nibh. In quis justo."
41,mruberry14@privacy.gov.au,mmcquilliam14,http://dummyimage.com/161x106.png/cc0000/ffffff,"Mauris enim leo, rhoncus sed, vestibulum sit amet, cursus id, turpis. Integer aliquet, massa id lobortis convallis, tortor risus dapibus augue, vel accumsan tellus nisi eu orci. Mauris lacinia sapien quis libero. Nullam sit amet turpis elementum ligula vehicula consequat. Morbi a ipsum. Integer a nibh. In quis justo."
42,fmenere15@wordpress.org,rbaldung15,http://dummyimage.com/222x235.png/cc0000/ffffff,Morbi ut odio.
43,wmaiklem16@myspace.com,fguilayn16,http://dummyimage.com/166x137.png/cc0000/ffffff,"Integer tincidunt ante vel ipsum. Praesent blandit lacinia erat. Vestibulum sed magna at nunc commodo placerat. Praesent blandit. Nam nulla. Integer pede justo, lacinia eget, tincidunt eget, tempus vel, pede."
44,dmansour17@statcounter.com,gmartignon17,http://dummyimage.com/150x132.png/ff4444/ffffff,"Duis bibendum. Morbi non quam nec dui luctus rutrum. Nulla tellus. In sagittis dui vel nisl. Duis ac nibh. Fusce lacus purus, aliquet at, feugiat non, pretium quis, lectus. Suspendisse potenti. In eleifend quam a odio."
45,zcossons18@paginegialle.it,csterzaker18,http://dummyimage.com/126x186.png/ff4444/ffffff,"Integer pede justo, lacinia eget, tincidunt eget, tempus vel, pede. Morbi porttitor lorem id ligula. Suspendisse ornare consequat lectus. In est risus, auctor sed, tristique in, tempus sit amet, sem. Fusce consequat. Nulla nisl. Nunc nisl. Duis bibendum, felis sed interdum venenatis, turpis enim blandit mi, in porttitor pede justo eu massa."
46,lcheeseman19@yandex.ru,akrook19,http://dummyimage.com/197x100.png/dddddd/000000,"Vestibulum ante ipsum primis in faucibus orci luctus et ultrices posuere cubilia Curae; Nulla dapibus dolor vel est. Donec odio justo, sollicitudin ut, suscipit a, feugiat et, eros. Vestibulum ac est lacinia nisi venenatis tristique. Fusce congue, diam id ornare imperdiet, sapien urna pretium nisl, ut volutpat sapien arcu sed augue. Aliquam erat volutpat. In congue. Etiam justo."
47,ewatsam1a@alexa.com,aminto1a,http://dummyimage.com/249x147.png/cc0000/ffffff,Etiam justo. Etiam pretium iaculis justo. In hac habitasse platea dictumst. Etiam faucibus cursus urna. Ut tellus. Nulla ut erat id mauris vulputate elementum. Nullam varius. Nulla facilisi. Cras non velit nec nisi vulputate nonummy. Maecenas tincidunt lacus at velit.
48,cniland1b@aol.com,nflaherty1b,http://dummyimage.com/180x118.png/cc0000/ffffff,Etiam justo.
49,jlevett1c@bbc.co.uk,pell1c,http://dummyimage.com/148x180.png/ff4444/ffffff,Nullam sit amet turpis elementum ligula vehicula consequat. Morbi a ipsum. Integer a nibh.
50,fmcdirmid1d@cnet.com,scregeen1d,http://dummyimage.com/176x121.png/5fa2dd/ffffff,"Phasellus id sapien in sapien iaculis congue. Vivamus metus arcu, adipiscing molestie, hendrerit at, vulputate vitae, nisl."
51,alacroix1e@mapquest.com,bturbard1e,http://dummyimage.com/213x158.png/dddddd/000000,Ut tellus. Nulla ut erat id mauris vulputate elementum. Nullam varius. Nulla facilisi.
52,gpavic1f@imgur.com,pbelasco1f,http://dummyimage.com/208x246.png/cc0000/ffffff,"Aenean fermentum. Donec ut mauris eget massa tempor convallis. Nulla neque libero, convallis eget, eleifend luctus, ultricies eu, nibh. Quisque id justo sit amet sapien dignissim vestibulum. Vestibulum ante ipsum primis in faucibus orci luctus et ultrices posuere cubilia Curae; Nulla dapibus dolor vel est. Donec odio justo, sollicitudin ut, suscipit a, feugiat et, eros. Vestibulum ac est lacinia nisi venenatis tristique. Fusce congue, diam id ornare imperdiet, sapien urna pretium nisl, ut volutpat sapien arcu sed augue. Aliquam erat volutpat. In congue."
53,mdunnet1g@cbc.ca,wredman1g,http://dummyimage.com/214x247.png/ff4444/ffffff,"In hac habitasse platea dictumst. Maecenas ut massa quis augue luctus tincidunt. Nulla mollis molestie lorem. Quisque ut erat. Curabitur gravida nisi at nibh. In hac habitasse platea dictumst. Aliquam augue quam, sollicitudin vitae, consectetuer eget, rutrum at, lorem. Integer tincidunt ante vel ipsum."
54,sgurery1h@state.tx.us,bperschke1h,http://dummyimage.com/210x180.png/dddddd/000000,Etiam justo. Etiam pretium iaculis justo. In hac habitasse platea dictumst. Etiam faucibus cursus urna. Ut tellus. Nulla ut erat id mauris vulputate elementum. Nullam varius. Nulla facilisi. Cras non velit nec nisi vulputate nonummy. Maecenas tincidunt lacus at velit.
55,hlampkin1i@blogger.com,kbigglestone1i,http://dummyimage.com/134x210.png/dddddd/000000,"Nullam varius. Nulla facilisi. Cras non velit nec nisi vulputate nonummy. Maecenas tincidunt lacus at velit. Vivamus vel nulla eget eros elementum pellentesque. Quisque porta volutpat erat. Quisque erat eros, viverra eget, congue eget, semper rutrum, nulla. Nunc purus. Phasellus in felis."
56,dlowes1j@walmart.com,tlimpricht1j,http://dummyimage.com/113x230.png/dddddd/000000,Etiam justo. Etiam pretium iaculis justo. In hac habitasse platea dictumst. Etiam faucibus cursus urna. Ut tellus. Nulla ut erat id mauris vulputate elementum. Nullam varius. Nulla facilisi. Cras non velit nec nisi vulputate nonummy. Maecenas tincidunt lacus at velit.
57,mciobutaro1k@wikispaces.com,dsibborn1k,http://dummyimage.com/199x195.png/cc0000/ffffff,Phasellus in felis.
58,obartrum1l@samsung.com,slayne1l,http://dummyimage.com/150x205.png/5fa2dd/ffffff,"Nunc nisl. Duis bibendum, felis sed interdum venenatis, turpis enim blandit mi, in porttitor pede justo eu massa. Donec dapibus. Duis at velit eu est congue elementum. In hac habitasse platea dictumst. Morbi vestibulum, velit id pretium iaculis, diam erat fermentum justo, nec condimentum neque sapien placerat ante."
59,awalicki1m@stumbleupon.com,wbelfit1m,http://dummyimage.com/217x101.png/5fa2dd/ffffff,"Duis at velit eu est congue elementum. In hac habitasse platea dictumst. Morbi vestibulum, velit id pretium iaculis, diam erat fermentum justo, nec condimentum neque sapien placerat ante. Nulla justo. Aliquam quis turpis eget elit sodales scelerisque. Mauris sit amet eros. Suspendisse accumsan tortor quis turpis. Sed ante. Vivamus tortor. Duis mattis egestas metus."
60,gbraitling1n@miitbeian.gov.cn,htreby1n,http://dummyimage.com/157x185.png/ff4444/ffffff,"Curabitur in libero ut massa volutpat convallis. Morbi odio odio, elementum eu, interdum eu, tincidunt in, leo. Maecenas pulvinar lobortis est. Phasellus sit amet erat. Nulla tempus. Vivamus in felis eu sapien cursus vestibulum. Proin eu mi."
61,ayokley1o@spiegel.de,ftrippitt1o,http://dummyimage.com/207x223.png/cc0000/ffffff,"In est risus, auctor sed, tristique in, tempus sit amet, sem. Fusce consequat. Nulla nisl."
62,bperryn1p@bbb.org,khowarth1p,http://dummyimage.com/124x189.png/cc0000/ffffff,Suspendisse accumsan tortor quis turpis. Sed ante. Vivamus tortor.
63,pespinosa1q@elpais.com,lruoff1q,http://dummyimage.com/235x218.png/ff4444/ffffff,"Suspendisse ornare consequat lectus. In est risus, auctor sed, tristique in, tempus sit amet, sem. Fusce consequat. Nulla nisl. Nunc nisl."
64,nromanski1r@smh.com.au,mcrouse1r,http://dummyimage.com/230x183.png/dddddd/000000,"Donec posuere metus vitae ipsum. Aliquam non mauris. Morbi non lectus. Aliquam sit amet diam in magna bibendum imperdiet. Nullam orci pede, venenatis non, sodales sed, tincidunt eu, felis. Fusce posuere felis sed lacus. Morbi sem mauris, laoreet ut, rhoncus aliquet, pulvinar sed, nisl. Nunc rhoncus dui vel sem. Sed sagittis. Nam congue, risus semper porta volutpat, quam pede lobortis ligula, sit amet eleifend pede libero quis orci."
65,gwoodcraft1s@msu.edu,kbeecham1s,http://dummyimage.com/124x218.png/cc0000/ffffff,Aliquam erat volutpat. In congue. Etiam justo. Etiam pretium iaculis justo. In hac habitasse platea dictumst. Etiam faucibus cursus urna. Ut tellus. Nulla ut erat id mauris vulputate elementum. Nullam varius. Nulla facilisi.
66,vmcveighty1t@tripod.com,alibby1t,http://dummyimage.com/233x137.png/cc0000/ffffff,In eleifend quam a odio. In hac habitasse platea dictumst.
67,bstrippling1u@yandex.ru,nphizackerly1u,http://dummyimage.com/129x211.png/ff4444/ffffff,"Fusce lacus purus, aliquet at, feugiat non, pretium quis, lectus. Suspendisse potenti. In eleifend quam a odio. In hac habitasse platea dictumst. Maecenas ut massa quis augue luctus tincidunt. Nulla mollis molestie lorem. Quisque ut erat. Curabitur gravida nisi at nibh. In hac habitasse platea dictumst."
68,jbewsy1v@woothemes.com,xosburn1v,http://dummyimage.com/212x216.png/dddddd/000000,"Nullam sit amet turpis elementum ligula vehicula consequat. Morbi a ipsum. Integer a nibh. In quis justo. Maecenas rhoncus aliquam lacus. Morbi quis tortor id nulla ultrices aliquet. Maecenas leo odio, condimentum id, luctus nec, molestie sed, justo. Pellentesque viverra pede ac diam."
69,cmcwilliam1w@example.com,ctomlin1w,http://dummyimage.com/208x248.png/dddddd/000000,"In blandit ultrices enim. Lorem ipsum dolor sit amet, consectetuer adipiscing elit. Proin interdum mauris non ligula pellentesque ultrices. Phasellus id sapien in sapien iaculis congue. Vivamus metus arcu, adipiscing molestie, hendrerit at, vulputate vitae, nisl. Aenean lectus. Pellentesque eget nunc. Donec quis orci eget orci vehicula condimentum."
70,lbotley1x@rambler.ru,llawn1x,http://dummyimage.com/184x102.png/dddddd/000000,"Nulla nisl. Nunc nisl. Duis bibendum, felis sed interdum venenatis, turpis enim blandit mi, in porttitor pede justo eu massa."
71,vborrows1y@godaddy.com,bmaydwell1y,http://dummyimage.com/232x109.png/cc0000/ffffff,Mauris lacinia sapien quis libero. Nullam sit amet turpis elementum ligula vehicula consequat.
72,holeszczak1z@weather.com,adorrington1z,http://dummyimage.com/244x149.png/5fa2dd/ffffff,"Cras in purus eu magna vulputate luctus. Cum sociis natoque penatibus et magnis dis parturient montes, nascetur ridiculus mus. Vivamus vestibulum sagittis sapien. Cum sociis natoque penatibus et magnis dis parturient montes, nascetur ridiculus mus. Etiam vel augue. Vestibulum rutrum rutrum neque."
73,fmcelhargy20@epa.gov,ngallant20,http://dummyimage.com/209x244.png/dddddd/000000,Phasellus in felis.
74,mjacke21@nyu.edu,matterley21,http://dummyimage.com/182x201.png/dddddd/000000,"Duis consequat dui nec nisi volutpat eleifend. Donec ut dolor. Morbi vel lectus in quam fringilla rhoncus. Mauris enim leo, rhoncus sed, vestibulum sit amet, cursus id, turpis. Integer aliquet, massa id lobortis convallis, tortor risus dapibus augue, vel accumsan tellus nisi eu orci. Mauris lacinia sapien quis libero."
75,mdecayette22@jimdo.com,wbode22,http://dummyimage.com/223x250.png/ff4444/ffffff,Suspendisse potenti. In eleifend quam a odio. In hac habitasse platea dictumst. Maecenas ut massa quis augue luctus tincidunt. Nulla mollis molestie lorem. Quisque ut erat.
76,pgiblin23@twitter.com,eedess23,http://dummyimage.com/176x196.png/dddddd/000000,Nulla tellus. In sagittis dui vel nisl. Duis ac nibh.
77,tfoard24@cargocollective.com,iwerendell24,http://dummyimage.com/143x239.png/ff4444/ffffff,"Suspendisse potenti. Nullam porttitor lacus at turpis. Donec posuere metus vitae ipsum. Aliquam non mauris. Morbi non lectus. Aliquam sit amet diam in magna bibendum imperdiet. Nullam orci pede, venenatis non, sodales sed, tincidunt eu, felis. Fusce posuere felis sed lacus. Morbi sem mauris, laoreet ut, rhoncus aliquet, pulvinar sed, nisl."
78,fcorteis25@npr.org,idesousa25,http://dummyimage.com/166x167.png/dddddd/000000,"Phasellus in felis. Donec semper sapien a libero. Nam dui. Proin leo odio, porttitor id, consequat in, consequat ut, nulla. Sed accumsan felis. Ut at dolor quis odio consequat varius. Integer ac leo. Pellentesque ultrices mattis odio."
79,jbourton26@mac.com,kdelhay26,http://dummyimage.com/188x123.png/cc0000/ffffff,"Integer ac neque. Duis bibendum. Morbi non quam nec dui luctus rutrum. Nulla tellus. In sagittis dui vel nisl. Duis ac nibh. Fusce lacus purus, aliquet at, feugiat non, pretium quis, lectus. Suspendisse potenti. In eleifend quam a odio."
80,hhonacker27@amazon.com,bdabnor27,http://dummyimage.com/197x242.png/ff4444/ffffff,"Vivamus in felis eu sapien cursus vestibulum. Proin eu mi. Nulla ac enim. In tempor, turpis nec euismod scelerisque, quam turpis adipiscing lorem, vitae mattis nibh ligula nec sem. Duis aliquam convallis nunc. Proin at turpis a pede posuere nonummy. Integer non velit."
81,tfrackiewicz28@buzzfeed.com,mshellsheere28,http://dummyimage.com/100x218.png/ff4444/ffffff,"In quis justo. Maecenas rhoncus aliquam lacus. Morbi quis tortor id nulla ultrices aliquet. Maecenas leo odio, condimentum id, luctus nec, molestie sed, justo. Pellentesque viverra pede ac diam. Cras pellentesque volutpat dui. Maecenas tristique, est et tempus semper, est quam pharetra magna, ac consequat metus sapien ut nunc. Vestibulum ante ipsum primis in faucibus orci luctus et ultrices posuere cubilia Curae; Mauris viverra diam vitae quam."
82,wclemence29@elegantthemes.com,dspry29,http://dummyimage.com/185x236.png/5fa2dd/ffffff,"Donec ut dolor. Morbi vel lectus in quam fringilla rhoncus. Mauris enim leo, rhoncus sed, vestibulum sit amet, cursus id, turpis."
83,wallone2a@forbes.com,enassey2a,http://dummyimage.com/135x226.png/5fa2dd/ffffff,Mauris ullamcorper purus sit amet nulla.
84,mmorgen2b@patch.com,ncastree2b,http://dummyimage.com/168x224.png/cc0000/ffffff,In blandit ultrices enim.
85,rshearmer2c@so-net.ne.jp,ntemple2c,http://dummyimage.com/123x198.png/cc0000/ffffff,"Proin risus. Praesent lectus. Vestibulum quam sapien, varius ut, blandit non, interdum in, ante. Vestibulum ante ipsum primis in faucibus orci luctus et ultrices posuere cubilia Curae; Duis faucibus accumsan odio. Curabitur convallis. Duis consequat dui nec nisi volutpat eleifend. Donec ut dolor. Morbi vel lectus in quam fringilla rhoncus."
86,cjackett2d@globo.com,ahursey2d,http://dummyimage.com/174x161.png/5fa2dd/ffffff,Proin eu mi.
87,dcrane2e@rediff.com,bvassall2e,http://dummyimage.com/132x205.png/ff4444/ffffff,Maecenas ut massa quis augue luctus tincidunt. Nulla mollis molestie lorem. Quisque ut erat.
88,acaldera2f@hp.com,hdebernardi2f,http://dummyimage.com/204x195.png/cc0000/ffffff,"Praesent lectus. Vestibulum quam sapien, varius ut, blandit non, interdum in, ante."
89,htrussler2g@wsj.com,gbigg2g,http://dummyimage.com/193x241.png/ff4444/ffffff,In hac habitasse platea dictumst. Etiam faucibus cursus urna. Ut tellus. Nulla ut erat id mauris vulputate elementum.
90,vdelascy2h@1und1.de,cplane2h,http://dummyimage.com/164x106.png/ff4444/ffffff,Fusce consequat.
91,rhadwick2i@businessinsider.com,phutchason2i,http://dummyimage.com/134x226.png/cc0000/ffffff,"Mauris enim leo, rhoncus sed, vestibulum sit amet, cursus id, turpis. Integer aliquet, massa id lobortis convallis, tortor risus dapibus augue, vel accumsan tellus nisi eu orci. Mauris lacinia sapien quis libero. Nullam sit amet turpis elementum ligula vehicula consequat. Morbi a ipsum. Integer a nibh. In quis justo. Maecenas rhoncus aliquam lacus. Morbi quis tortor id nulla ultrices aliquet."
92,brosso2j@stumbleupon.com,sdurker2j,http://dummyimage.com/204x145.png/ff4444/ffffff,Aliquam quis turpis eget elit sodales scelerisque. Mauris sit amet eros. Suspendisse accumsan tortor quis turpis. Sed ante.
93,cfishbourn2k@ask.com,ebugbird2k,http://dummyimage.com/203x151.png/dddddd/000000,"Duis mattis egestas metus. Aenean fermentum. Donec ut mauris eget massa tempor convallis. Nulla neque libero, convallis eget, eleifend luctus, ultricies eu, nibh. Quisque id justo sit amet sapien dignissim vestibulum. Vestibulum ante ipsum primis in faucibus orci luctus et ultrices posuere cubilia Curae; Nulla dapibus dolor vel est. Donec odio justo, sollicitudin ut, suscipit a, feugiat et, eros. Vestibulum ac est lacinia nisi venenatis tristique."
94,gswayne2l@wiley.com,shaxby2l,http://dummyimage.com/250x159.png/5fa2dd/ffffff,Praesent blandit lacinia erat. Vestibulum sed magna at nunc commodo placerat.
95,aellam2m@google.pl,gstansby2m,http://dummyimage.com/239x182.png/ff4444/ffffff,"Curabitur at ipsum ac tellus semper interdum. Mauris ullamcorper purus sit amet nulla. Quisque arcu libero, rutrum ac, lobortis vel, dapibus at, diam."
96,tdanell2n@symantec.com,mcutmere2n,http://dummyimage.com/135x243.png/ff4444/ffffff,"Etiam vel augue. Vestibulum rutrum rutrum neque. Aenean auctor gravida sem. Praesent id massa id nisl venenatis lacinia. Aenean sit amet justo. Morbi ut odio. Cras mi pede, malesuada in, imperdiet et, commodo vulputate, justo. In blandit ultrices enim. Lorem ipsum dolor sit amet, consectetuer adipiscing elit."
97,zmccay2o@wunderground.com,bway2o,http://dummyimage.com/116x110.png/dddddd/000000,"Donec diam neque, vestibulum eget, vulputate ut, ultrices vel, augue. Vestibulum ante ipsum primis in faucibus orci luctus et ultrices posuere cubilia Curae; Donec pharetra, magna vestibulum aliquet ultrices, erat tortor sollicitudin mi, sit amet lobortis sapien sapien non mi. Integer ac neque."
98,dhennemann2p@etsy.com,mskoggings2p,http://dummyimage.com/127x161.png/dddddd/000000,"Nunc rhoncus dui vel sem. Sed sagittis. Nam congue, risus semper porta volutpat, quam pede lobortis ligula, sit amet eleifend pede libero quis orci."
99,dplace2q@lulu.com,ewilkison2q,http://dummyimage.com/160x190.png/cc0000/ffffff,"Praesent id massa id nisl venenatis lacinia. Aenean sit amet justo. Morbi ut odio. Cras mi pede, malesuada in, imperdiet et, commodo vulputate, justo. In blandit ultrices enim. Lorem ipsum dolor sit amet, consectetuer adipiscing elit. Proin interdum mauris non ligula pellentesque ultrices. Phasellus id sapien in sapien iaculis congue. Vivamus metus arcu, adipiscing molestie, hendrerit at, vulputate vitae, nisl. Aenean lectus."
100,ireeds2r@topsy.com,asmissen2r,http://dummyimage.com/107x192.png/5fa2dd/ffffff,"Praesent blandit lacinia erat. Vestibulum sed magna at nunc commodo placerat. Praesent blandit. Nam nulla. Integer pede justo, lacinia eget, tincidunt eget, tempus vel, pede. Morbi porttitor lorem id ligula."
